Airfoil,Cl0,CL_a,Clmin,Clmax,CD0,CD2,CLCD0,Reref,Reexp
NACA0006,0,0.11,-0.75,0.75,0.0025,0.00011,0,1000000,-0.5
NACA0008,0,0.11,-1.25,1.25,0.005,0.0002,0,1000000,-0.5
NACA0010,0,0.115,-1.4,1.4,0.005,0.00012,0,1000000,-0.5
NACA0012,0,0.115,-1.45,1.45,0.007,0.0001,0,1000000,-0.5
NACA0015,0,0.11,-1.45,1.45,0.0075,8.5E-05,0,1000000,-0.5
NACA0018,0,0.11,-1.4,1.4,0.008,9E-05,0,1000000,-0.5
NACA0021,0,0.1,-1.3,1.3,0.009,9E-05,0,1000000,-0.5
NACA0024,0,0.1,-1.3,1.3,0.01,9.4E-05,0,1000000,-0.5
